id;nume_si_prenume;data_nastere;adresa;telefon;email
1;reciprocal withdrawal;2021-06-24T19:59:51;Dollar architecture multi-byte;applications paradigm Functionality;Sandrine.Tudorache59@gmail.com
2;invoice Grocery;2021-06-24T13:51:57;Handcrafted iterate PNG;AccountXXX;Herminio_Kovacs0@gmail.com
3;superstructure Security quantify;2021-06-25T00:37:47;index Account Concrete;methodologies;Maurice.Sandor@hotmail.com
4;grey;2021-06-24T13:18:56;Bihor online;indexXXXXX;Elbert.Tanase@hotmail.com
5;Branding Response;2021-06-25T00:03:54;copying;encoding Cape;Timmothy_Kovacs16@yahoo.com
6;Proactive;2021-06-25T04:38:31;Vrancea neural;migration Plastic Small;Alexane11@hotmail.com
7;leverage Pants;2021-06-24T22:57:18;sexy Reduced;Nicaragua Executive;Sandra_Vasilescu@yahoo.com
8;COM Licensed Strategist;2021-06-24T18:50:25;Rubber deposit;Fish Tulcea;Jaquan.Georgescu60@yahoo.com
9;optical;2021-06-24T22:52:50;viral bandwidth expedite;cohesive efficient;Reilly.Nastase@gmail.com
10;Fresh Interactions;2021-06-24T12:44:57;withdrawal Mouse;Savings program hack;Maudie_Oancea38@hotmail.com
